Date/Time,Temp_C,Dew Point Temp_C,Rel Hum_%,Wind Speed_km/h,Visibility_km,Press_kPa,Weather
12/1/2012 0:00,-10.8,-16.2,64,9,25,103.26,Clear
12/1/2012 1:00,-11,-16.5,64,13,25,103.25,Mainly Clear
12/1/2012 2:00,-11.1,-16.5,64,20,25,103.21,Mainly Clear
12/1/2012 3:00,-12.5,-15.7,77,15,25,103.27,Mainly Clear
12/1/2012 4:00,-11.8,-15.1,76,17,25,103.22,Mostly Cloudy
12/1/2012 5:00,-11.9,-14.6,80,20,25,103.19,Mostly Cloudy
12/1/2012 6:00,-11.8,-15,77,26,25,103.18,Mostly Cloudy
12/1/2012 7:00,-11.3,-14.2,79,24,24.1,103.19,Cloudy
12/1/2012 8:00,-10.9,-15.3,70,19,24.1,103.23,Mostly Cloudy
12/1/2012 9:00,-10.6,-15.9,65,24,24.1,103.18,Cloudy
12/1/2012 10:00,-10.9,-15.7,68,24,24.1,103.18,Cloudy
12/1/2012 11:00,-10.3,-15.1,68,20,24.1,103.08,Cloudy
12/1/2012 12:00,-9.4,-14.6,66,24,24.1,102.97,Cloudy
12/1/2012 13:00,-8.9,-14.6,63,22,24.1,102.9,Cloudy
12/1/2012 14:00,-8.3,-13.6,66,22,24.1,102.86,Cloudy
12/1/2012 15:00,-8.3,-13.5,66,17,24.1,102.84,Cloudy
12/1/2012 16:00,-7.9,-12.4,70,20,24.1,102.82,Cloudy
12/1/2012 17:00,-7.5,-12,70,20,19.3,102.73,Snow
12/1/2012 18:00,-6.9,-11.3,71,19,25,102.71,Snow
12/1/2012 19:00,-6.6,-10.8,72,17,25,102.63,Cloudy
12/1/2012 20:00,-6,-10,73,17,25,102.55,Cloudy
12/1/2012 21:00,-5.9,-9.6,75,17,25,102.49,Cloudy
12/1/2012 22:00,-4.8,-8.4,76,13,19.3,102.36,Snow
12/1/2012 23:00,-4.7,-8,78,19,16.1,102.28,Cloudy
12/2/2012 0:00,-4.3,-7.3,80,15,24.1,102.18,Cloudy
12/2/2012 1:00,-4.2,-6.8,82,15,24.1,102.11,Cloudy
12/2/2012 2:00,-3.9,-6.5,82,15,25,102.06,Cloudy
12/2/2012 3:00,-3.5,-5.8,84,13,25,102.02,Snow
12/2/2012 4:00,-3.2,-5.3,85,13,25,101.86,Cloudy
12/2/2012 5:00,-2.7,-5.1,84,11,25,101.75,Cloudy
12/2/2012 6:00,-1.9,-4,86,9,25,101.67,Cloudy
12/2/2012 7:00,-0.3,-2.3,86,6,25,101.58,Cloudy
12/2/2012 8:00,4.7,2.4,85,28,25,101.46,Cloudy
12/2/2012 9:00,5.1,2.6,84,32,24.1,101.34,Cloudy
12/2/2012 10:00,5.7,3,83,28,19.3,101.27,Cloudy
12/2/2012 11:00,6.2,3.2,81,28,24.1,101.16,Cloudy
12/2/2012 12:00,6.6,3.3,79,28,24.1,101,Rain Showers
12/2/2012 13:00,6.2,4.3,88,19,12.9,100.89,Rain
"12/2/2012 14:00,6,4.5,90,19,9.7,100.82,""Rain,Fog"""
"12/2/2012 15:00,5.6,4.9,95,22,4.8,100.75,""Rain,Fog"""
"12/2/2012 16:00,5.5,4.9,96,20,6.4,100.68,""Rain,Fog"""
"12/2/2012 17:00,5.5,5,97,17,6.4,100.65,""Rain,Fog"""
"12/2/2012 18:00,5.8,5.6,99,15,4.8,100.65,""Rain,Fog"""
"12/2/2012 19:00,5.9,5.9,100,15,3.6,100.67,""Drizzle,Fog"""
"12/2/2012 20:00,6.6,6.5,99,13,3.2,100.68,""Drizzle,Fog"""
12/2/2012 21:00,6.7,6.6,99,11,8,100.7,Fog
"12/2/2012 22:00,7.1,6.9,99,15,8,100.71,""Drizzle,Fog"""
"12/2/2012 23:00,8.2,7.7,97,19,8,100.72,""Drizzle,Fog"""
"12/3/2012 0:00,8.1,7.5,96,15,9.7,100.78,""Drizzle,Fog"""
12/3/2012 1:00,7.8,6.8,93,22,12.9,100.85,Cloudy
12/3/2012 2:00,6.8,5.3,90,28,25,100.99,Mostly Cloudy
12/3/2012 3:00,5.5,2.9,83,26,25,101.22,Mostly Cloudy
12/3/2012 4:00,4.1,1.6,84,13,25,101.35,Mostly Cloudy
12/3/2012 5:00,3.2,0.6,83,13,25,101.48,Mostly Cloudy
12/3/2012 6:00,1.8,-0.1,87,11,25,101.58,Clear
12/3/2012 7:00,1.2,-0.6,88,9,25,101.7,Mainly Clear
12/3/2012 8:00,2.2,0,85,11,24.1,101.78,Mainly Clear
12/3/2012 9:00,3.6,1,83,11,48.3,101.87,Mostly Cloudy
12/3/2012 10:00,3.9,1.2,83,13,24.1,101.99,Mostly Cloudy
12/3/2012 11:00,3.7,1.1,83,11,24.1,101.96,Cloudy
12/3/2012 12:00,3.9,1.3,83,9,24.1,101.96,Cloudy
12/3/2012 13:00,4,1.2,82,9,24.1,101.95,Cloudy
12/3/2012 14:00,4.2,0.8,79,13,24.1,101.95,Cloudy
12/3/2012 15:00,4,1,81,9,24.1,101.98,Cloudy
12/3/2012 16:00,3.7,-0.1,76,4,24.1,102.01,Cloudy
12/3/2012 17:00,2.9,1.1,88,4,25,102.03,Cloudy
12/3/2012 18:00,3,0.6,84,4,25,102.03,Cloudy
12/3/2012 19:00,3.4,0.5,81,6,25,102.01,Cloudy
12/3/2012 20:00,3.5,0.7,82,0,25,101.99,Cloudy
12/3/2012 21:00,3.1,1.2,87,6,25,101.99,Cloudy
12/3/2012 22:00,3.7,1.3,84,11,25,101.94,Cloudy
12/3/2012 23:00,3.7,1.1,83,13,25,101.91,Cloudy
12/4/2012 0:00,3.7,1.3,84,13,25,101.92,Cloudy
12/4/2012 1:00,3.6,1.4,86,7,25,101.86,Cloudy
12/4/2012 2:00,3.9,1.1,82,6,25,101.81,Mostly Cloudy
12/4/2012 3:00,3.8,1.2,83,19,25,101.71,Cloudy
12/4/2012 4:00,3.1,1.3,88,20,25,101.56,Mainly Clear
12/4/2012 5:00,2.9,1.5,90,13,25,101.52,Mostly Cloudy
12/4/2012 6:00,4.2,2.6,89,15,25,101.41,Cloudy
12/4/2012 7:00,5.1,3.4,89,13,25,101.35,Cloudy
12/4/2012 8:00,5.5,3.9,89,9,19.3,101.29,Rain Showers
12/4/2012 9:00,5.9,4.8,93,11,19.3,101.23,Rain Showers
12/4/2012 10:00,8,6.3,89,19,19.3,101.16,Mostly Cloudy
12/4/2012 11:00,10.1,7.7,85,17,24.1,101.06,Cloudy
12/4/2012 12:00,11.5,8.3,81,19,24.1,100.92,Mostly Cloudy
12/4/2012 13:00,11.9,8.4,79,17,24.1,100.84,Cloudy
12/4/2012 14:00,11.3,8.1,81,24,24.1,100.74,Cloudy
12/4/2012 15:00,11,7.9,81,24,24.1,100.66,Cloudy
12/4/2012 16:00,10.7,7.9,83,24,19.3,100.64,Cloudy
12/4/2012 17:00,10.8,8.1,83,30,25,100.55,Cloudy
12/4/2012 18:00,10.7,8.2,85,32,25,100.5,Cloudy
12/4/2012 19:00,10.7,8.4,86,7,25,100.57,Rain Showers
12/4/2012 20:00,9.9,9.1,95,15,12.9,100.53,Rain
12/4/2012 21:00,10.4,9.7,95,9,6.4,100.56,Rain
12/4/2012 22:00,9.8,9.3,97,6,12.9,100.57,Rain
12/4/2012 23:00,9.7,9.1,96,19,9.7,100.63,Rain
12/5/2012 0:00,9.5,8,90,19,12.9,100.56,Rain
12/5/2012 1:00,9,7.3,89,30,16.1,100.45,Rain
12/5/2012 2:00,8.7,7.1,90,24,16.1,100.5,Rain
12/5/2012 3:00,7.8,6.7,93,24,9.7,100.53,Rain
12/5/2012 4:00,7.2,4.8,85,15,25,100.55,Mainly Clear
12/5/2012 5:00,6.6,4.1,84,17,25,100.62,Cloudy
12/5/2012 6:00,5.7,2.7,81,24,25,100.68,Mostly Cloudy
12/5/2012 7:00,5.2,0.4,71,30,25,100.74,Mostly Cloudy
12/5/2012 8:00,4.2,-0.5,71,26,24.1,100.85,Cloudy
12/5/2012 9:00,3.6,-1.5,69,26,24.1,100.95,Cloudy
"12/5/2012 10:00,2.1,-1.8,75,28,19.3,101.09,""Rain Showers,Snow Showers"""
12/5/2012 11:00,2.2,-2.5,71,30,24.1,101.17,Snow Showers
12/5/2012 12:00,1.1,-4.8,65,26,24.1,101.23,Snow Showers
12/5/2012 13:00,1.3,-7,54,30,24.1,101.29,Mostly Cloudy
12/5/2012 14:00,0.8,-6.7,57,35,24.1,101.34,Mostly Cloudy
12/5/2012 15:00,0.1,-7.6,56,26,24.1,101.47,Mostly Cloudy
12/5/2012 16:00,-0.4,-9.4,51,30,24.1,101.58,Cloudy
12/5/2012 17:00,-0.7,-8.3,56,30,25,101.66,Cloudy
12/5/2012 18:00,-0.8,-8,58,22,25,101.76,Mostly Cloudy
12/5/2012 19:00,-1,-8.5,57,28,25,101.84,Snow
12/5/2012 20:00,-1.4,-8.6,58,19,25,101.88,Mostly Cloudy
12/5/2012 21:00,-1.9,-8.7,60,24,25,101.93,Mostly Cloudy
12/5/2012 22:00,-1.6,-9.5,55,26,25,102.01,Mostly Cloudy
12/5/2012 23:00,-1.8,-9.7,55,20,25,102.07,Mostly Cloudy
12/6/2012 0:00,-2.1,-9.7,56,20,25,102.1,Mostly Cloudy
12/6/2012 1:00,-2.3,-9.3,59,17,25,102.12,Mostly Cloudy
12/6/2012 2:00,-2.9,-9.4,61,17,25,102.21,Mostly Cloudy
12/6/2012 3:00,-3.4,-9.1,65,15,25,102.26,Mostly Cloudy
12/6/2012 4:00,-3.9,-9,68,11,25,102.33,Mostly Cloudy
12/6/2012 5:00,-5.2,-9.7,71,9,25,102.38,Mainly Clear
12/6/2012 6:00,-5.7,-9.7,73,13,25,102.45,Mainly Clear
12/6/2012 7:00,-5.9,-10,73,11,24.1,102.47,Mainly Clear
12/6/2012 8:00,-4.6,-8.8,72,7,24.1,102.52,Mainly Clear
12/6/2012 9:00,-3.4,-8.9,66,9,48.3,102.53,Mostly Cloudy
12/6/2012 10:00,-2.6,-8.4,64,13,48.3,102.56,Mostly Cloudy
12/6/2012 11:00,-1.8,-8.9,58,13,48.3,102.46,Mainly Clear
12/6/2012 12:00,-1.8,-9.4,56,6,48.3,102.37,Mainly Clear
12/6/2012 13:00,-1,-8.3,58,7,48.3,102.27,Mainly Clear
12/6/2012 14:00,-0.9,-8.7,55,13,48.3,102.21,Mainly Clear
12/6/2012 15:00,-1.2,-7.9,60,11,48.3,102.18,Mainly Clear
12/6/2012 16:00,-2.8,-7.9,68,7,48.3,102.11,Mainly Clear
12/6/2012 17:00,-2.8,-7.6,69,7,25,102.1,Mainly Clear
12/6/2012 18:00,-2.7,-6.8,73,13,25,102.06,Mostly Cloudy
12/6/2012 19:00,-2.8,-7.4,71,9,25,102.05,Mostly Cloudy
12/6/2012 20:00,-1.9,-7.4,66,7,25,101.95,Mostly Cloudy
12/6/2012 21:00,-1.7,-7,67,11,25,101.88,Cloudy
12/6/2012 22:00,-1.4,-7.2,65,17,25,101.8,Cloudy
12/6/2012 23:00,-1.1,-6,69,7,25,101.73,Mostly Cloudy
12/7/2012 0:00,-1.3,-5.9,71,13,25,101.67,Mostly Cloudy
12/7/2012 1:00,-1.5,-5.7,73,7,25,101.58,Mostly Cloudy
12/7/2012 2:00,-1.3,-5.3,74,9,25,101.51,Mainly Clear
12/7/2012 3:00,-1.8,-5.3,77,9,25,101.46,Mainly Clear
12/7/2012 4:00,-2.7,-5.7,80,11,25,101.38,Mostly Cloudy
12/7/2012 5:00,-2.2,-5.5,78,11,25,101.3,Mostly Cloudy
12/7/2012 6:00,-2.9,-5.5,82,7,25,101.27,Cloudy
12/7/2012 7:00,-2.8,-5.3,83,11,24.1,101.3,Mostly Cloudy
12/7/2012 8:00,-3.3,-5.4,85,7,24.1,101.29,Cloudy
12/7/2012 9:00,-2.1,-4.7,82,7,24.1,101.32,Mostly Cloudy
12/7/2012 10:00,1.2,-5.8,60,9,48.3,101.26,Mostly Cloudy
12/7/2012 11:00,2.6,-5,57,4,48.3,101.24,Mostly Cloudy
12/7/2012 12:00,3,-5,56,4,24.1,101.2,Cloudy
12/7/2012 13:00,3.7,-4.3,56,6,48.3,101.15,Cloudy
12/7/2012 14:00,3.9,-4.3,55,11,48.3,101.09,Cloudy
12/7/2012 15:00,3.9,-3.3,59,11,48.3,101.11,Cloudy
12/7/2012 16:00,3.5,-3.8,59,9,24.1,101.13,Cloudy
12/7/2012 17:00,2.8,-3.3,64,11,25,101.14,Cloudy
12/7/2012 18:00,2.2,-3.5,66,7,25,101.13,Mostly Cloudy
12/7/2012 19:00,2.2,-3.3,67,6,25,101.17,Cloudy
12/7/2012 20:00,2.1,-3.1,68,4,25,101.18,Cloudy
12/7/2012 21:00,2,-3.1,69,6,25,101.18,Cloudy
12/7/2012 22:00,2.3,-2.5,71,4,25,101.19,Cloudy
12/7/2012 23:00,1.5,-2.2,76,4,19.3,101.22,Snow
12/8/2012 0:00,1.8,-1.4,79,4,25,101.2,Snow
12/8/2012 1:00,2,-1.3,79,6,25,101.17,Cloudy
12/8/2012 2:00,2,-1.9,75,7,25,101.17,Cloudy
12/8/2012 3:00,2.1,-1.5,77,6,25,101.18,Cloudy
12/8/2012 4:00,2.5,-1.2,77,0,25,101.13,Cloudy
12/8/2012 5:00,2.7,-1,77,9,25,101.07,Cloudy
12/8/2012 6:00,2.4,0.3,86,9,25,101.05,Cloudy
12/8/2012 7:00,2.3,1,91,6,8,101.09,Fog
"12/8/2012 8:00,2.7,1.6,92,7,6.4,101.06,""Rain,Fog"""
"12/8/2012 9:00,2.7,1.8,94,11,4.8,100.98,""Rain,Fog"""
"12/8/2012 10:00,3.2,2.1,92,11,8,100.95,""Rain,Fog"""
"12/8/2012 11:00,2.2,1.5,95,17,8,100.83,""Rain,Fog"""
"12/8/2012 12:00,2.1,1.6,96,15,4.8,100.74,""Rain,Fog"""
"12/8/2012 13:00,1.9,1.3,96,17,3.6,100.59,""Rain,Fog"""
"12/8/2012 14:00,2.1,1.2,94,15,6.4,100.52,""Rain,Fog"""
"12/8/2012 15:00,2,1,93,17,4.8,100.48,""Rain,Fog"""
"12/8/2012 16:00,1.8,0.8,93,17,4.8,100.49,""Rain,Fog"""
"12/8/2012 17:00,1.6,0.6,93,9,8,100.46,""Rain,Fog"""
"12/8/2012 18:00,1.1,0.5,96,9,6.4,100.54,""Rain,Fog"""
"12/8/2012 19:00,0.9,0.2,95,9,6.4,100.61,""Rain,Fog"""
"12/8/2012 20:00,0.8,0.3,96,9,6.4,100.67,""Rain,Fog"""
"12/8/2012 21:00,0.8,0.3,96,9,6.4,100.73,""Rain,Snow,Fog"""
12/8/2012 22:00,1.2,0.6,96,13,6.4,100.84,Fog
"12/8/2012 23:00,1.3,0.6,95,17,8,100.96,""Drizzle,Fog"""
12/9/2012 0:00,1.5,0.7,94,20,9.7,101.07,Fog
12/9/2012 1:00,1.9,0.7,92,17,16.1,101.22,Cloudy
12/9/2012 2:00,1.8,0.1,88,17,19.3,101.37,Cloudy
12/9/2012 3:00,1.5,-0.5,87,17,25,101.47,Mainly Clear
12/9/2012 4:00,1.5,-0.3,88,13,25,101.59,Mostly Cloudy
12/9/2012 5:00,1.1,-0.9,86,15,25,101.72,Cloudy
12/9/2012 6:00,0.8,-1.5,85,11,25,101.84,Cloudy
12/9/2012 7:00,0.2,-2.3,83,20,24.1,102.02,Cloudy
12/9/2012 8:00,-0.5,-2.9,84,11,24.1,102.16,Cloudy
12/9/2012 9:00,-0.9,-3.9,80,20,24.1,102.24,Cloudy
12/9/2012 10:00,-1.5,-4.5,80,20,24.1,102.35,Cloudy
12/9/2012 11:00,-1.7,-4.8,79,17,24.1,102.35,Cloudy
12/9/2012 12:00,-1.9,-5.1,79,17,12.9,102.32,Snow Showers
12/9/2012 13:00,-2.3,-5.4,79,9,24.1,102.28,Cloudy
12/9/2012 14:00,-1.9,-5.1,79,7,24.1,102.28,Cloudy
12/9/2012 15:00,-1.9,-4.9,80,6,24.1,102.33,Cloudy
12/9/2012 16:00,-1.6,-5.2,76,4,24.1,102.31,Cloudy
12/9/2012 17:00,-1.2,-5.7,71,15,25,102.31,Cloudy
12/9/2012 18:00,-1.4,-5.9,71,19,25,102.25,Cloudy
12/9/2012 19:00,-1.7,-6.2,71,22,24.1,102.22,Cloudy
12/9/2012 20:00,-2.2,-7.2,69,28,25,102.11,Cloudy
12/9/2012 21:00,-2.4,-6.5,73,20,25,101.91,Cloudy
12/9/2012 22:00,-3,-8.2,67,28,25,101.78,Cloudy
12/9/2012 23:00,-3.6,-8.6,68,32,25,101.64,Cloudy
12/10/2012 0:00,-3.9,-8.1,73,20,25,101.54,Cloudy
12/10/2012 1:00,-5,-6.2,91,32,1.6,101.31,Snow
12/10/2012 2:00,-4.7,-6.2,89,33,4,101.1,Snow
"12/10/2012 3:00,-4.3,-5.9,89,33,2.8,100.96,""Snow,Ice Pellets"""
"12/10/2012 4:00,-3.3,-4.4,92,28,3.6,100.73,""Freezing Drizzle,Fog"""
"12/10/2012 5:00,-1.9,-2.8,94,33,4,100.55,""Freezing Drizzle,Fog"""
"12/10/2012 6:00,0.1,-0.9,93,22,8,100.3,""Freezing Rain,Fog"""
"12/10/2012 7:00,1,0,93,19,8,100.09,""Rain,Fog"""
"12/10/2012 8:00,1.7,0.8,94,17,6.4,99.98,""Moderate Rain,Fog"""
"12/10/2012 9:00,2.2,1.5,95,19,6.4,99.78,""Rain,Fog"""
"12/10/2012 10:00,2.2,1.6,96,17,2.4,99.7,""Rain,Fog"""
"12/10/2012 11:00,1.9,1.5,97,15,3.2,99.6,""Rain,Fog"""
"12/10/2012 12:00,1.4,0.8,96,15,4.8,99.44,""Drizzle,Fog"""
"12/10/2012 13:00,0.6,0.3,98,19,2.4,99.34,""Rain,Fog"""
"12/10/2012 14:00,0.1,-0.2,98,15,2.4,99.32,""Rain,Fog"""
"12/10/2012 15:00,0,-0.5,96,9,4,99.34,""Drizzle,Fog"""
"12/10/2012 16:00,0,-0.5,96,6,4,99.41,""Rain,Fog"""
"12/10/2012 17:00,0.1,-0.3,97,4,4.8,99.42,""Rain,Fog"""
12/10/2012 18:00,1.5,1.1,97,15,12.9,99.57,Cloudy
12/10/2012 19:00,2.6,0.9,89,22,25,99.54,Cloudy
12/10/2012 20:00,2.5,-0.5,81,24,25,99.58,Cloudy
12/10/2012 21:00,2.2,-1.3,78,24,25,99.63,Cloudy
12/10/2012 22:00,1.7,-1.3,80,20,25,99.73,Cloudy
12/10/2012 23:00,1.2,-2.1,79,20,25,99.78,Mostly Cloudy
12/11/2012 0:00,0.7,-2.7,78,17,25,99.89,Cloudy
12/11/2012 1:00,0,-3.6,77,28,25,99.99,Cloudy
12/11/2012 2:00,-1.1,-5.2,74,22,25,100.09,Mostly Cloudy
12/11/2012 3:00,-2.5,-6,77,24,25,100.27,Mostly Cloudy
12/11/2012 4:00,-4.5,-8,76,20,25,100.38,Mainly Clear
12/11/2012 5:00,-5.9,-9.6,75,17,25,100.51,Mainly Clear
12/11/2012 6:00,-7.3,-10.3,79,15,25,100.62,Mainly Clear
12/11/2012 7:00,-8,-11.5,76,15,24.1,100.78,Mainly Clear
12/11/2012 8:00,-8.4,-12,75,17,24.1,100.91,Mainly Clear
12/11/2012 9:00,-7.9,-12,72,19,24.1,101.03,Mainly Clear
12/11/2012 10:00,-7.1,-12,68,9,24.1,101.12,Mainly Clear
12/11/2012 11:00,-6.6,-12.2,64,7,24.1,101.1,Mainly Clear
12/11/2012 12:00,-6.1,-12.4,61,11,24.1,101.13,Mainly Clear
12/11/2012 13:00,-5.5,-11.1,65,17,24.1,101.18,Mainly Clear
12/11/2012 14:00,-5.2,-11,64,17,24.1,101.21,Mainly Clear
12/11/2012 15:00,-5.7,-11.5,64,13,24.1,101.29,Clear
12/11/2012 16:00,-6.1,-11.6,65,15,24.1,101.35,Clear
12/11/2012 17:00,-6.8,-11.7,68,11,24.1,101.45,Clear
12/11/2012 18:00,-6.9,-11.5,70,13,25,101.51,Clear
12/11/2012 19:00,-7.9,-11,78,13,25,101.6,Clear
12/11/2012 20:00,-7.9,-11.3,77,15,25,101.68,Clear
12/11/2012 21:00,-8.7,-11.6,79,9,25,101.74,Clear
12/11/2012 22:00,-9.1,-11.4,83,6,25,101.78,Clear
12/11/2012 23:00,-8.3,-11.2,80,9,25,101.84,Clear
12/12/2012 0:00,-9.2,-11.6,83,7,25,101.87,Clear
12/12/2012 1:00,-9.4,-11.5,85,7,25,101.91,Clear
12/12/2012 2:00,-10.3,-12,87,4,25,101.96,Clear
12/12/2012 3:00,-9.6,-11.3,87,4,25,102,Clear
12/12/2012 4:00,-10.1,-11.6,89,6,25,102.04,Clear
12/12/2012 5:00,-10.3,-11.7,89,4,25,102.06,Clear
12/12/2012 6:00,-9.5,-11.3,87,4,25,102.1,Clear
12/12/2012 7:00,-11.2,-12.4,91,4,24.1,102.19,Mainly Clear
12/12/2012 8:00,-7.3,-9.2,86,11,24.1,102.14,Mostly Cloudy
12/12/2012 9:00,-6.1,-9,80,4,24.1,102.21,Snow Showers
12/12/2012 10:00,-4.7,-7.6,80,9,24.1,102.2,Snow Showers
12/12/2012 11:00,-3.7,-6.8,79,7,19.3,102.15,Cloudy
12/12/2012 12:00,-2.7,-6.5,75,7,19.3,102.14,Mostly Cloudy
12/12/2012 13:00,-3,-6.7,76,6,19.3,102.14,Mainly Clear
12/12/2012 14:00,-2.9,-6.5,76,7,16.1,102.16,Cloudy
12/12/2012 15:00,-3.2,-6.7,77,6,19.3,102.17,Mostly Cloudy
12/12/2012 16:00,-2.8,-6.2,77,4,12.9,102.2,Mostly Cloudy
12/12/2012 17:00,-3.2,-6,81,7,9.7,102.25,Snow Showers
12/12/2012 18:00,-3.6,-5.7,85,7,12.9,102.28,Snow Showers
12/12/2012 19:00,-4,-6.1,85,11,12.9,102.3,Cloudy
12/12/2012 20:00,-4.4,-6.4,86,7,16.1,102.36,Snow Showers
12/12/2012 21:00,-3.9,-5.9,86,6,16.1,102.37,Snow Showers
12/12/2012 22:00,-3.8,-5.6,87,4,11.3,102.4,Snow Showers
12/12/2012 23:00,-4.3,-5.8,89,4,16.1,102.45,Mainly Clear
12/13/2012 0:00,-6.1,-7.4,90,6,12.9,102.44,Clear
12/13/2012 1:00,-4.3,-5.3,93,11,12.9,102.49,Clear
12/13/2012 2:00,-5.9,-6.6,95,6,11.3,102.57,Clear
12/13/2012 3:00,-6.1,-7,93,11,11.3,102.61,Clear
12/13/2012 4:00,-5.4,-6.2,94,6,8,102.61,Fog
12/13/2012 5:00,-6,-6.8,94,4,9.7,102.63,Fog
12/13/2012 6:00,-6.4,-7.5,92,4,9.7,102.66,Fog
12/13/2012 7:00,-6.1,-7.4,90,4,9.7,102.69,Fog
12/13/2012 8:00,-6,-7.1,92,4,8,102.67,Fog
12/13/2012 9:00,-4.7,-6,91,4,8,102.68,Fog
12/13/2012 10:00,-2.3,-4.2,87,4,6.4,102.64,Fog
12/13/2012 11:00,-0.7,-3.1,84,9,9.7,102.55,Haze
12/13/2012 12:00,-0.4,-2.9,83,9,9.7,102.46,Haze
12/13/2012 13:00,0.1,-2.5,83,9,12.9,102.36,Cloudy
12/13/2012 14:00,1.1,-2.1,79,11,19.3,102.28,Mostly Cloudy
12/13/2012 15:00,2.1,-1.9,75,7,19.3,102.25,Mainly Clear
12/13/2012 16:00,1.3,-2.1,78,9,19.3,102.21,Mainly Clear
12/13/2012 17:00,1.4,-1.8,79,19,25,102.1,Mainly Clear
12/13/2012 18:00,1.1,-2,80,19,25,102.01,Mostly Cloudy
12/13/2012 19:00,1.7,-2.5,74,15,25,101.99,Mainly Clear
12/13/2012 20:00,0.4,-2.5,81,11,25,101.98,Mainly Clear
12/13/2012 21:00,0.6,-2.3,81,15,25,101.9,Mostly Cloudy
12/13/2012 22:00,0.2,-2.5,82,15,25,101.84,Cloudy
12/13/2012 23:00,0.7,-2.3,80,17,25,101.77,Cloudy
12/14/2012 0:00,0.8,-2.6,78,15,25,101.71,Cloudy
12/14/2012 1:00,0,-3,80,17,25,101.62,Mostly Cloudy
12/14/2012 2:00,-0.6,-3.2,83,15,25,101.59,Cloudy
12/14/2012 3:00,-0.8,-3.4,83,15,25,101.51,Cloudy
12/14/2012 4:00,-0.2,-3.5,78,20,25,101.44,Mostly Cloudy
12/14/2012 5:00,0.3,-3.3,77,11,25,101.4,Cloudy
12/14/2012 6:00,0.5,-3.5,75,15,25,101.36,Cloudy
12/14/2012 7:00,2,-3.6,66,20,48.3,101.3,Mainly Clear
12/14/2012 8:00,1.5,-3.5,69,13,48.3,101.32,Mostly Cloudy
12/14/2012 9:00,2.3,-3.1,67,26,48.3,101.32,Mostly Cloudy
12/14/2012 10:00,2.8,-2.4,69,22,24.1,101.34,Cloudy
12/14/2012 11:00,2.6,-2,72,22,24.1,101.35,Rain Showers
12/14/2012 12:00,2.8,-1.5,73,17,24.1,101.33,Cloudy
12/14/2012 13:00,3.3,-1.2,72,22,24.1,101.33,Mostly Cloudy
12/14/2012 14:00,3.2,-1.1,73,19,24.1,101.38,Mostly Cloudy
12/14/2012 15:00,3,-1,75,15,24.1,101.44,Cloudy
12/14/2012 16:00,2.8,-1,76,17,24.1,101.53,Mostly Cloudy
12/14/2012 17:00,2.5,-0.6,80,13,25,101.61,Mostly Cloudy
12/14/2012 18:00,2.3,-1.3,77,17,25,101.7,Cloudy
12/14/2012 19:00,1.8,-3.6,67,19,25,101.76,Mostly Cloudy
12/14/2012 20:00,0.8,-4.7,67,15,25,101.85,Mostly Cloudy
12/14/2012 21:00,-1.5,-6.4,69,22,25,101.96,Mainly Clear
12/14/2012 22:00,-2.9,-7.4,71,20,25,102.06,Mainly Clear
12/14/2012 23:00,-4.3,-8.6,72,22,25,102.13,Mainly Clear
12/15/2012 0:00,-5.3,-10.5,67,20,25,102.18,Clear
12/15/2012 1:00,-6.5,-11.4,68,17,25,102.27,Clear
12/15/2012 2:00,-7.1,-11.8,69,19,25,102.36,Clear
12/15/2012 3:00,-8,-13.2,66,17,25,102.41,Clear
12/15/2012 4:00,-8.5,-13.8,66,15,25,102.42,Clear
12/15/2012 5:00,-9.3,-14.2,67,20,25,102.47,Clear
12/15/2012 6:00,-9.9,-14.5,69,17,25,102.58,Clear
12/15/2012 7:00,-10.2,-15.1,67,19,48.3,102.63,Clear
12/15/2012 8:00,-10.7,-15.6,67,13,48.3,102.69,Clear
12/15/2012 9:00,-10.4,-15.9,64,19,48.3,102.74,Clear
12/15/2012 10:00,-9.9,-15.2,65,13,48.3,102.78,Mainly Clear
12/15/2012 11:00,-9.3,-14.9,64,19,48.3,102.74,Mainly Clear
12/15/2012 12:00,-9.1,-15.1,62,19,48.3,102.71,Mainly Clear
12/15/2012 13:00,-8.4,-14.7,60,19,48.3,102.64,Clear
12/15/2012 14:00,-8,-14.2,61,13,48.3,102.59,Mainly Clear
12/15/2012 15:00,-7.8,-13.7,63,15,48.3,102.55,Mainly Clear
12/15/2012 16:00,-8.5,-14.8,60,20,48.3,102.54,Mainly Clear
12/15/2012 17:00,-8.7,-15.3,59,15,25,102.53,Mainly Clear
12/15/2012 18:00,-9.1,-15.1,62,17,25,102.54,Clear
12/15/2012 19:00,-9.1,-14.7,64,20,25,102.58,Mainly Clear
12/15/2012 20:00,-8.7,-15.1,60,20,25,102.5,Clear
12/15/2012 21:00,-9,-15.5,59,24,25,102.46,Mainly Clear
12/15/2012 22:00,-9.5,-15,64,19,25,102.47,Mostly Cloudy
12/15/2012 23:00,-9.9,-15,66,26,25,102.38,Cloudy
12/16/2012 0:00,-10,-14.9,67,24,25,102.31,Cloudy
12/16/2012 1:00,-10.1,-14.8,68,24,25,102.27,Cloudy
12/16/2012 2:00,-10.1,-14.6,70,28,25,102.17,Cloudy
12/16/2012 3:00,-10.1,-14.5,70,28,25,102.15,Cloudy
12/16/2012 4:00,-10.1,-14.5,70,24,25,102.08,Cloudy
12/16/2012 5:00,-10,-14.4,70,22,25,102,Cloudy
12/16/2012 6:00,-9.9,-14.6,68,35,25,101.93,Cloudy
12/16/2012 7:00,-9.8,-14.9,66,32,25,101.89,Cloudy
12/16/2012 8:00,-9.5,-14.8,65,32,48.3,101.85,Cloudy
12/16/2012 9:00,-9.4,-14.7,65,33,19.3,101.82,Snow
12/16/2012 10:00,-7.7,-13.8,62,32,24.1,101.8,Cloudy
12/16/2012 11:00,-8.2,-13.9,63,35,24.1,101.71,Snow
12/16/2012 12:00,-8.5,-12.2,75,32,4.8,101.62,Snow
12/16/2012 13:00,-8,-11.2,78,26,12.9,101.54,Snow
12/16/2012 14:00,-7.7,-10.2,82,32,4.8,101.45,Snow
"12/16/2012 15:00,-7.6,-9.4,87,32,3.2,101.38,""Snow,Fog"""
"12/16/2012 16:00,-7,-8.7,88,35,4,101.33,""Snow,Fog"""
"12/16/2012 17:00,-6.4,-8,88,30,4.8,101.28,""Snow,Fog"""
"12/16/2012 18:00,-5.9,-7.4,89,30,4,101.25,""Snow,Fog"""
12/16/2012 19:00,-5.1,-6.6,89,22,16.1,101.2,Snow
12/16/2012 20:00,-4.7,-6,91,28,12.9,101.18,Snow
12/16/2012 21:00,-4,-5.4,90,24,16.1,101.17,Snow
12/16/2012 22:00,-3.6,-4.7,92,22,9.7,101.12,Snow
12/16/2012 23:00,-3.1,-4.2,92,24,12.9,101.09,Cloudy
12/17/2012 0:00,-2.3,-3.3,93,24,12.9,101.02,Freezing Drizzle
"12/17/2012 1:00,-2.3,-3.3,93,26,9.7,101.01,""Freezing Rain,Fog"""
12/17/2012 2:00,-2.2,-3.3,92,24,11.3,101,Freezing Rain
"12/17/2012 3:00,-2.6,-3.7,92,28,8,100.95,""Freezing Rain,Ice Pellets,Fog"""
"12/17/2012 4:00,-3,-4.1,92,24,6.4,100.91,""Snow,Ice Pellets"""
"12/17/2012 5:00,-3,-4.2,91,24,8,100.89,""Snow,Ice Pellets"""
"12/17/2012 6:00,-2.1,-3.2,92,19,8,100.88,""Snow,Ice Pellets"""
12/17/2012 7:00,-0.3,-1.3,93,13,12.9,100.88,Cloudy
"12/17/2012 8:00,0.3,-0.5,94,20,3.2,100.84,""Drizzle,Fog"""
"12/17/2012 9:00,0.4,-0.7,92,20,4,100.79,""Drizzle,Ice Pellets,Fog"""
"12/17/2012 10:00,0.5,-0.8,91,20,3.6,100.78,""Snow,Fog"""
"12/17/2012 11:00,0.4,-0.4,94,19,1.6,100.76,""Snow,Fog"""
"12/17/2012 12:00,0.4,-0.3,95,22,2,100.71,""Snow,Fog"""
"12/17/2012 13:00,0.6,-0.1,95,17,4.8,100.66,""Snow,Fog"""
"12/17/2012 14:00,0.8,0.1,95,19,4,100.65,""Snow,Fog"""
"12/17/2012 15:00,0.9,0.2,95,19,11.3,100.63,""Drizzle,Snow"""
12/17/2012 16:00,1.3,0.4,94,15,12.9,100.62,Drizzle
12/17/2012 17:00,1.9,0.7,92,17,16.1,100.57,Cloudy
12/17/2012 18:00,2,0.6,90,19,16.1,100.61,Drizzle
12/17/2012 19:00,2.1,0.4,88,15,16.1,100.63,Drizzle
12/17/2012 20:00,2.3,0.5,88,19,16.1,100.64,Drizzle
12/17/2012 21:00,1.7,0.3,90,20,16.1,100.58,Cloudy
12/17/2012 22:00,1.9,0.1,88,13,19.3,100.56,Cloudy
12/17/2012 23:00,1.2,-0.1,91,20,16.1,100.5,Cloudy
12/18/2012 0:00,0.6,-0.5,92,19,16.1,100.44,Cloudy
12/18/2012 1:00,0.1,-0.9,93,24,19.3,100.37,Cloudy
12/18/2012 2:00,0.4,-0.9,91,24,19.3,100.32,Cloudy
12/18/2012 3:00,0.4,-0.9,91,24,16.1,100.24,Rain
12/18/2012 4:00,0.5,-0.8,91,24,11.3,100.15,Rain
"12/18/2012 5:00,0.6,-0.6,92,24,9.7,100.12,""Rain,Ice Pellets"""
12/18/2012 6:00,0.5,-0.4,94,24,3.6,100.07,Snow
12/18/2012 7:00,0.5,-0.2,95,24,3.2,100,Snow
12/18/2012 8:00,0.7,0,95,24,2.8,99.92,Snow
12/18/2012 9:00,0.7,0.1,96,22,2,99.88,Snow
12/18/2012 10:00,0.6,0,96,24,1.2,99.86,Snow
12/18/2012 11:00,0.5,-0.2,95,22,1.2,99.76,Snow
12/18/2012 12:00,0.8,0,94,32,4.8,99.64,Snow
12/18/2012 13:00,1,0,93,26,4,99.56,Snow
12/18/2012 14:00,1,0.2,94,24,4,99.53,Snow
12/18/2012 15:00,1.1,0.2,94,22,4.8,99.51,Snow
"12/18/2012 16:00,1.1,0.1,93,26,8,99.48,""Rain,Snow"""
"12/18/2012 17:00,1.2,0.3,94,22,8,99.48,""Rain,Snow"""
"12/18/2012 18:00,1.4,0.5,94,22,8,99.49,""Rain,Snow"""
12/18/2012 19:00,1.4,0.7,95,15,8,99.53,Rain
12/18/2012 20:00,1.3,0.7,96,15,6.4,99.54,Drizzle
"12/18/2012 21:00,1,0.6,97,13,3.2,99.58,""Drizzle,Snow,Fog"""
"12/18/2012 22:00,0.8,0.4,97,15,3.2,99.6,""Drizzle,Snow,Fog"""
"12/18/2012 23:00,0.8,0.5,98,11,3.2,99.64,""Drizzle,Snow,Fog"""
"12/19/2012 0:00,0.6,0.2,97,9,4,99.65,""Drizzle,Snow,Fog"""
"12/19/2012 1:00,0.5,0.1,97,7,6.4,99.71,""Drizzle,Snow,Fog"""
"12/19/2012 2:00,0.4,0.1,98,7,8,99.78,""Drizzle,Snow,Fog"""
"12/19/2012 3:00,0.4,0,97,9,4.8,99.82,""Drizzle,Snow,Fog"""
"12/19/2012 4:00,0.4,0,97,11,4,99.87,""Drizzle,Snow,Fog"""
"12/19/2012 5:00,0.3,-0.1,97,11,3.2,99.95,""Drizzle,Snow,Fog"""
"12/19/2012 6:00,0.4,-0.1,96,9,2.4,100.05,""Drizzle,Snow,Fog"""
"12/19/2012 7:00,0.4,0,97,11,3.2,100.15,""Drizzle,Snow,Fog"""
"12/19/2012 8:00,0.5,0.1,97,11,2.4,100.24,""Drizzle,Fog"""
"12/19/2012 9:00,0.6,0.2,97,13,2.4,100.33,""Drizzle,Fog"""
"12/19/2012 10:00,0.6,0.2,97,15,2.4,100.42,""Drizzle,Fog"""
12/19/2012 11:00,0.8,0.2,96,11,9.7,100.44,Fog
12/19/2012 12:00,0.8,0,94,17,19.3,100.53,Cloudy
12/19/2012 13:00,1,-0.2,92,11,24.1,100.61,Cloudy
12/19/2012 14:00,1.1,-0.1,92,13,24.1,100.72,Cloudy
12/19/2012 15:00,1.3,-0.1,90,9,24.1,100.83,Drizzle
12/19/2012 16:00,1.3,-0.4,88,7,24.1,100.96,Cloudy
12/19/2012 17:00,1.1,-0.2,91,6,16.1,101.04,Drizzle
"12/19/2012 18:00,1.2,0.1,92,9,9.7,101.15,""Drizzle,Snow"""
"12/19/2012 19:00,0.8,0.3,96,11,4.8,101.26,""Snow,Fog"""
"12/19/2012 20:00,0.7,0.1,96,11,6.4,101.32,""Snow,Fog"""
12/19/2012 21:00,0.6,-0.1,95,13,11.3,101.38,Snow
12/19/2012 22:00,0.6,-0.5,92,9,25,101.42,Cloudy
12/19/2012 23:00,0.6,-0.9,90,13,25,101.5,Snow
12/20/2012 0:00,0.4,-2.1,83,20,25,101.57,Snow
12/20/2012 1:00,0.1,-2.2,84,17,25,101.6,Cloudy
12/20/2012 2:00,-0.2,-2.4,85,19,25,101.68,Cloudy
12/20/2012 3:00,-0.5,-2.9,84,17,25,101.69,Cloudy
12/20/2012 4:00,-0.7,-3.4,82,15,25,101.72,Cloudy
12/20/2012 5:00,-1.1,-3.9,81,13,25,101.78,Cloudy
12/20/2012 6:00,-1.6,-4.2,82,15,25,101.82,Snow
12/20/2012 7:00,-1.8,-4.9,79,20,25,101.88,Cloudy
12/20/2012 8:00,-1.9,-4.6,82,15,24.1,101.91,Cloudy
12/20/2012 9:00,-1.7,-4.5,81,13,24.1,101.98,Cloudy
12/20/2012 10:00,-1.4,-4.2,81,7,24.1,101.97,Cloudy
12/20/2012 11:00,-1.1,-4,81,4,24.1,101.92,Snow
12/20/2012 12:00,-1,-3.9,81,6,24.1,101.83,Cloudy
12/20/2012 13:00,-0.9,-4,79,15,24.1,101.65,Cloudy
12/20/2012 14:00,-1,-4.3,78,15,24.1,101.62,Cloudy
12/20/2012 15:00,-0.5,-3.8,78,13,24.1,101.55,Cloudy
12/20/2012 16:00,-0.3,-3.3,80,13,24.1,101.56,Cloudy
12/20/2012 17:00,-0.3,-3.2,81,19,25,101.38,Mostly Cloudy
12/20/2012 18:00,0.2,-3,79,19,25,101.25,Mostly Cloudy
12/20/2012 19:00,0.3,-2.7,80,17,25,101.23,Mostly Cloudy
12/20/2012 20:00,0.1,-2.4,83,20,25,101.12,Mostly Cloudy
12/20/2012 21:00,0.7,-2.3,80,22,25,101,Cloudy
12/20/2012 22:00,1.1,-2.4,77,20,25,100.88,Cloudy
12/20/2012 23:00,1.2,-2.1,79,28,25,100.69,Cloudy
"12/21/2012 0:00,1.9,-2.1,75,26,25,100.6,""Rain,Snow Grains"""
"12/21/2012 1:00,1.1,-0.7,88,17,6.4,100.47,""Rain,Snow,Ice Pellets"""
"12/21/2012 2:00,1,-0.3,91,20,6.4,100.35,""Rain,Snow"""
"12/21/2012 3:00,0.9,0,94,28,4.8,100.12,""Rain,Snow,Ice Pellets"""
"12/21/2012 4:00,1.1,-0.1,92,22,6.4,99.98,""Rain,Snow,Ice Pellets"""
"12/21/2012 5:00,1.3,0.1,92,26,6.4,99.85,""Rain,Snow,Ice Pellets"""
"12/21/2012 6:00,1,0,93,22,4,99.76,""Rain,Snow"""
"12/21/2012 7:00,0.9,-0.1,93,32,6.4,99.64,""Rain,Snow"""
"12/21/2012 8:00,0.8,-0.2,93,32,2.4,99.5,""Rain,Snow"""
"12/21/2012 9:00,0.8,-0.2,93,33,2.4,99.38,""Rain,Snow"""
12/21/2012 10:00,1,0,93,32,12.9,99.24,Snow
12/21/2012 11:00,0.9,0,94,30,2,99.01,Snow
12/21/2012 12:00,1.3,0.3,93,41,9.7,98.67,Snow
12/21/2012 13:00,1.8,0.3,90,41,19.3,98.36,Snow
12/21/2012 14:00,2.1,0.4,88,41,19.3,98.16,Rain
12/21/2012 15:00,1.8,0.2,89,33,12.9,98.1,Rain
12/21/2012 16:00,1.4,0.2,92,43,9.7,97.93,Rain
12/21/2012 17:00,1.3,0.2,92,46,12.9,97.76,Rain
12/21/2012 18:00,1.4,0.3,92,46,25,97.56,Rain
12/21/2012 19:00,2.3,1.1,92,37,11.3,97.52,Rain
12/21/2012 20:00,2.4,1.7,95,15,9.7,97.58,Rain
12/21/2012 21:00,1.3,0.4,94,22,9.7,97.64,Rain
12/21/2012 22:00,0.7,0,95,28,3.6,97.75,Snow
"12/21/2012 23:00,1.1,0,92,30,9.7,97.79,""Drizzle,Snow,Fog"""
"12/22/2012 0:00,1.1,-0.1,92,32,9.7,97.81,""Drizzle,Snow,Fog"""
12/22/2012 1:00,1.2,0.1,92,30,12.9,97.84,Drizzle
"12/22/2012 2:00,1.1,0.1,93,30,8,97.89,""Drizzle,Snow,Fog"""
"12/22/2012 3:00,1.1,0.1,93,28,9.7,97.93,""Drizzle,Snow,Fog"""
12/22/2012 4:00,0.6,-0.6,92,35,11.3,97.98,Snow
12/22/2012 5:00,-0.9,-1.9,93,35,4.8,98.07,Snow
12/22/2012 6:00,-1.6,-3,90,41,4,98.19,Snow
12/22/2012 7:00,-2.2,-3.7,89,35,4.8,98.32,Snow
12/22/2012 8:00,-2.5,-4.5,86,41,4,98.44,Snow
12/22/2012 9:00,-3,-5,86,35,3.2,98.58,Snow
12/22/2012 10:00,-3.6,-5,90,37,1.6,98.7,Snow
12/22/2012 11:00,-4.3,-5.4,92,35,1.2,98.78,Snow
12/22/2012 12:00,-4.5,-5.9,90,33,1.6,98.86,Snow
12/22/2012 13:00,-4.7,-6.9,85,37,4,98.96,Snow
"12/22/2012 14:00,-5,-7.6,82,32,4,99.08,""Snow,Blowing Snow"""
"12/22/2012 15:00,-5.4,-7.1,88,35,1.6,99.24,""Snow,Blowing Snow"""
"12/22/2012 16:00,-5.9,-7.8,86,41,1.6,99.37,""Snow,Blowing Snow"""
12/22/2012 17:00,-5.7,-8.5,81,32,6.4,99.5,Snow
12/22/2012 18:00,-6,-8.7,81,33,4.8,99.62,Snow
12/22/2012 19:00,-6.7,-9.1,83,32,6.4,99.75,Snow
12/22/2012 20:00,-6.9,-10.6,75,32,16.1,99.83,Snow
12/22/2012 21:00,-7.2,-11.6,71,28,16.1,99.96,Snow
12/22/2012 22:00,-7.4,-11.9,70,35,16.1,100,Snow
12/22/2012 23:00,-7.8,-12.6,68,39,19.3,100.12,Cloudy
12/23/2012 0:00,-7.8,-11.6,74,32,19.3,100.19,Snow Showers
12/23/2012 1:00,-7.9,-11.8,74,32,25,100.27,Snow Showers
12/23/2012 2:00,-8.2,-12.5,71,30,25,100.36,Mostly Cloudy
12/23/2012 3:00,-8.2,-12.4,72,30,25,100.4,Cloudy
12/23/2012 4:00,-8.3,-12.7,71,28,25,100.43,Cloudy
12/23/2012 5:00,-8.5,-13.2,69,30,25,100.49,Cloudy
12/23/2012 6:00,-8.4,-12.3,73,26,25,100.51,Cloudy
12/23/2012 7:00,-8.5,-12.1,75,20,19.3,100.52,Snow Showers
12/23/2012 8:00,-8.7,-12,77,20,19.3,100.54,Snow Showers
12/23/2012 9:00,-8.7,-12.2,76,22,24.1,100.52,Cloudy
12/23/2012 10:00,-8.6,-12.5,73,24,24.1,100.54,Cloudy
12/23/2012 11:00,-8.3,-12.6,71,26,24.1,100.5,Cloudy
12/23/2012 12:00,-7.9,-12.6,69,24,24.1,100.44,Cloudy
12/23/2012 13:00,-7.4,-12.4,67,20,24.1,100.37,Mostly Cloudy
12/23/2012 14:00,-6.9,-11.9,67,11,24.1,100.33,Cloudy
12/23/2012 15:00,-6.8,-11.1,71,13,24.1,100.34,Snow Showers
12/23/2012 16:00,-7,-9.6,82,13,9.7,100.35,Snow Showers
12/23/2012 17:00,-7.1,-9.4,84,9,12.9,100.36,Snow
12/23/2012 18:00,-7.2,-10,80,11,12.9,100.4,Snow
12/23/2012 19:00,-7.2,-10.1,80,9,25,100.46,Snow
12/23/2012 20:00,-7.2,-10.4,78,9,25,100.55,Cloudy
12/23/2012 21:00,-8,-11.2,78,9,25,100.62,Mainly Clear
12/23/2012 22:00,-9,-11.7,81,9,25,100.68,Mainly Clear
12/23/2012 23:00,-8.3,-10.9,81,9,25,100.76,Cloudy
12/24/2012 0:00,-8.5,-10.7,84,15,25,100.8,Mostly Cloudy
12/24/2012 1:00,-8.4,-10.7,83,17,25,100.85,Cloudy
12/24/2012 2:00,-8.8,-11.4,81,17,25,100.91,Cloudy
12/24/2012 3:00,-8.9,-12.3,76,20,25,100.99,Cloudy
12/24/2012 4:00,-10,-12.7,81,24,25,101.02,Mostly Cloudy
12/24/2012 5:00,-10.4,-13.3,79,19,25,101.07,Mostly Cloudy
12/24/2012 6:00,-10.9,-14,78,15,25,101.13,Mainly Clear
12/24/2012 7:00,-11.1,-13.9,80,15,25,101.23,Clear
12/24/2012 8:00,-11,-13.9,79,13,25,101.32,Clear
12/24/2012 9:00,-10.5,-13.7,77,13,24.1,101.41,Clear
12/24/2012 10:00,-9.9,-13.4,76,11,48.3,101.45,Mainly Clear
12/24/2012 11:00,-9,-13.7,69,11,48.3,101.44,Mainly Clear
12/24/2012 12:00,-7.9,-13.3,65,9,48.3,101.43,Mainly Clear
12/24/2012 13:00,-7.6,-13.1,65,15,48.3,101.45,Mainly Clear
12/24/2012 14:00,-7.8,-13.7,63,15,48.3,101.46,Mainly Clear
12/24/2012 15:00,-7.5,-13.3,63,13,48.3,101.49,Mainly Clear
12/24/2012 16:00,-8.2,-13.3,67,11,24.1,101.45,Mainly Clear
12/24/2012 17:00,-9.7,-13.7,73,6,25,101.49,Mainly Clear
12/24/2012 18:00,-10.4,-13.8,76,9,25,101.45,Clear
12/24/2012 19:00,-9.7,-13.1,76,7,25,101.43,Mainly Clear
12/24/2012 20:00,-9.6,-12.8,77,6,25,101.43,Mainly Clear
12/24/2012 21:00,-9.4,-13.2,74,7,25,101.44,Mainly Clear
12/24/2012 22:00,-9.8,-13.2,76,4,25,101.44,Mostly Cloudy
12/24/2012 23:00,-10.5,-12.8,83,4,25,101.48,Mostly Cloudy
12/25/2012 0:00,-9,-12.5,76,11,25,101.44,Mostly Cloudy
12/25/2012 1:00,-10.5,-13,82,6,25,101.51,Mostly Cloudy
12/25/2012 2:00,-10.6,-13.1,82,13,25,101.51,Mostly Cloudy
12/25/2012 3:00,-10.5,-12.6,85,19,25,101.47,Cloudy
12/25/2012 4:00,-10.1,-13.2,78,15,24.1,101.49,Mostly Cloudy
12/25/2012 5:00,-10.8,-13.1,83,17,25,101.49,Cloudy
12/25/2012 6:00,-10.6,-13.6,79,13,25,101.59,Cloudy
12/25/2012 7:00,-11.3,-14.1,80,11,25,101.72,Cloudy
12/25/2012 8:00,-11.3,-14.4,78,11,24.1,101.79,Cloudy
12/25/2012 9:00,-11,-14.2,77,13,24.1,101.87,Cloudy
12/25/2012 10:00,-10.1,-14.3,71,15,24.1,101.95,Cloudy
12/25/2012 11:00,-9.6,-14.4,68,9,24.1,101.93,Cloudy
12/25/2012 12:00,-9.4,-14.4,67,9,24.1,101.92,Cloudy
12/25/2012 13:00,-8.7,-14.5,63,7,24.1,101.92,Mostly Cloudy
12/25/2012 14:00,-7.7,-14.1,60,6,48.3,101.95,Mainly Clear
12/25/2012 15:00,-7.1,-13.7,59,17,48.3,101.98,Clear
12/25/2012 16:00,-7.5,-13.9,60,11,48.3,102.03,Clear
12/25/2012 17:00,-8.3,-13.4,67,13,25,102.1,Clear
12/25/2012 18:00,-8.9,-13.4,70,13,25,102.16,Mainly Clear
12/25/2012 19:00,-8.8,-12.6,74,19,25,102.27,Mainly Clear
12/25/2012 20:00,-9.4,-12.6,77,13,25,102.3,Mainly Clear
12/25/2012 21:00,-9.7,-12.5,80,4,25,102.28,Clear
12/25/2012 22:00,-10.9,-13.2,83,4,25,102.34,Clear
12/25/2012 23:00,-10.4,-12.7,83,11,25,102.45,Clear
12/26/2012 0:00,-11.8,-13.5,87,4,25,102.41,Clear
12/26/2012 1:00,-11.2,-12.9,87,6,25,102.42,Clear
12/26/2012 2:00,-12.7,-14.4,87,4,25,102.45,Clear
12/26/2012 3:00,-14.2,-15.8,88,6,25,102.52,Clear
12/26/2012 4:00,-13.1,-14.7,88,6,25,102.55,Clear
12/26/2012 5:00,-12.7,-14.1,89,4,25,102.48,Clear
12/26/2012 6:00,-13.4,-14.8,89,4,25,102.47,Clear
12/26/2012 7:00,-13,-14.4,89,7,25,102.46,Mainly Clear
12/26/2012 8:00,-13.7,-15.2,88,4,16.1,102.53,Mostly Cloudy
"12/26/2012 9:00,-11.3,-12.7,89,15,4,102.52,""Snow Showers,Fog"""
12/26/2012 10:00,-11,-13.2,84,15,24.1,102.54,Mainly Clear
12/26/2012 11:00,-11.3,-14.5,77,20,48.3,102.5,Mainly Clear
12/26/2012 12:00,-10.6,-14.3,74,20,48.3,102.36,Mainly Clear
12/26/2012 13:00,-10.3,-14,74,15,24.1,102.35,Mostly Cloudy
12/26/2012 14:00,-10,-14,72,19,24.1,102.27,Cloudy
12/26/2012 15:00,-10,-14.2,71,19,24.1,102.28,Cloudy
12/26/2012 16:00,-10.3,-14.1,74,19,25,102.17,Cloudy
12/26/2012 17:00,-10.2,-13.9,74,22,25,102.16,Cloudy
12/26/2012 18:00,-10,-13.8,74,24,25,102.14,Cloudy
12/26/2012 19:00,-9.6,-13.1,76,39,25,102.03,Cloudy
12/26/2012 20:00,-10.3,-12.9,81,28,25,101.88,Cloudy
12/26/2012 21:00,-9.8,-12.5,81,22,25,101.87,Cloudy
12/26/2012 22:00,-9.7,-12.8,78,37,25,101.7,Cloudy
12/26/2012 23:00,-9.7,-12.3,81,24,25,101.61,Cloudy
12/27/2012 0:00,-9.8,-12.5,81,30,25,101.46,Cloudy
12/27/2012 1:00,-9.4,-12.2,80,26,25,101.37,Cloudy
12/27/2012 2:00,-8.5,-11.3,80,30,25,101.31,Cloudy
12/27/2012 3:00,-8.1,-10.2,85,37,2.4,101.21,Snow
12/27/2012 4:00,-7.9,-9.5,88,33,2,101.03,Snow
12/27/2012 5:00,-7.5,-9.1,88,43,1.2,100.95,Snow
12/27/2012 6:00,-6.8,-8.1,90,39,1.2,100.83,Snow
12/27/2012 7:00,-6.5,-7.6,92,44,1.2,100.73,Snow
12/27/2012 8:00,-6.3,-7.4,92,39,0.8,100.65,Moderate Snow
12/27/2012 9:00,-5.7,-6.7,93,37,0.8,100.67,Moderate Snow
"12/27/2012 10:00,-5.4,-6.4,93,41,0.6,100.64,""Moderate Snow,Blowing Snow"""
"12/27/2012 11:00,-5.2,-6.4,91,39,0.6,100.62,""Snow,Blowing Snow"""
"12/27/2012 12:00,-5.5,-6.6,92,39,0.6,100.5,""Moderate Snow,Blowing Snow"""
"12/27/2012 13:00,-5.4,-6.7,91,48,0.6,100.36,""Snow,Blowing Snow"""
"12/27/2012 14:00,-5.2,-6.7,89,46,0.6,100.35,""Snow,Blowing Snow"""
"12/27/2012 15:00,-5,-6.2,91,37,0.6,100.37,""Snow,Blowing Snow"""
"12/27/2012 16:00,-4.5,-6.2,88,37,2,100.44,""Snow,Blowing Snow"""
"12/27/2012 17:00,-4.2,-5.9,88,32,3.2,100.47,""Snow,Blowing Snow"""
"12/27/2012 18:00,-4,-5.7,88,28,8,100.49,""Snow,Blowing Snow"""
"12/27/2012 19:00,-3.9,-5.6,88,26,9.7,100.52,""Snow,Blowing Snow"""
12/27/2012 20:00,-3.7,-5.3,89,37,16.1,100.58,Snow
"12/27/2012 21:00,-3.7,-4.8,92,24,4.8,100.62,""Freezing Drizzle,Snow"""
"12/27/2012 22:00,-3.8,-4.6,94,20,4.8,100.65,""Freezing Drizzle,Snow"""
12/27/2012 23:00,-4,-5.6,89,24,9.7,100.7,Snow
"12/28/2012 0:00,-4.2,-5.7,89,19,8,100.78,""Freezing Drizzle,Snow"""
"12/28/2012 1:00,-4.4,-6.6,85,15,6.4,100.83,""Freezing Drizzle,Snow"""
"12/28/2012 2:00,-4.3,-6.3,86,11,12.9,100.93,""Freezing Drizzle,Snow"""
12/28/2012 3:00,-4.6,-5.9,91,13,4,101.01,Snow
12/28/2012 4:00,-4.9,-5.9,93,9,9.7,101,Snow
12/28/2012 5:00,-5,-6.1,92,7,25,101.01,Cloudy
12/28/2012 6:00,-4.8,-6.6,87,9,25,101.04,Cloudy
12/28/2012 7:00,-5,-6.5,89,9,25,101.07,Cloudy
12/28/2012 8:00,-5.2,-7,87,17,24.1,101.15,Mostly Cloudy
12/28/2012 9:00,-5.5,-8,83,17,24.1,101.23,Mostly Cloudy
12/28/2012 10:00,-6.1,-8.6,82,19,24.1,101.27,Clear
12/28/2012 11:00,-6.2,-8.8,82,24,48.3,101.24,Mainly Clear
12/28/2012 12:00,-7.2,-9.9,81,24,48.3,101.22,Mainly Clear
12/28/2012 13:00,-6.8,-9.8,79,20,48.3,101.17,Mainly Clear
12/28/2012 14:00,-6.5,-9.9,77,22,48.3,101.17,Mainly Clear
12/28/2012 15:00,-6.8,-10.3,76,24,48.3,101.22,Mainly Clear
12/28/2012 16:00,-7.7,-11,77,30,48.3,101.25,Mainly Clear
12/28/2012 17:00,-8.6,-12,76,26,25,101.34,Mainly Clear
12/28/2012 18:00,-9,-12.2,78,24,25,101.37,Mainly Clear
12/28/2012 19:00,-9.4,-12.3,79,22,25,101.37,Mainly Clear
12/28/2012 20:00,-9.8,-12.6,80,20,25,101.35,Mainly Clear
12/28/2012 21:00,-9.8,-12.5,81,19,25,101.36,Mainly Clear
12/28/2012 22:00,-9.9,-12.5,81,17,25,101.38,Mainly Clear
12/28/2012 23:00,-10.9,-13.2,83,13,25,101.38,Mainly Clear
12/29/2012 0:00,-11.6,-13.5,86,13,25,101.35,Mainly Clear
12/29/2012 1:00,-11.9,-13.6,87,11,25,101.31,Clear
12/29/2012 2:00,-11.8,-13.1,90,13,25,101.33,Clear
12/29/2012 3:00,-13.4,-15.2,86,4,4.8,101.33,Fog
12/29/2012 4:00,-16,-17.2,90,6,9.7,101.25,Fog
12/29/2012 5:00,-14.8,-15.9,91,4,6.4,101.25,Fog
12/29/2012 6:00,-13.8,-15.3,88,4,9.7,101.25,Fog
12/29/2012 7:00,-14.8,-16.4,88,7,8,101.22,Fog
12/29/2012 8:00,-13.6,-15.1,88,11,12.9,101.19,Cloudy
12/29/2012 9:00,-13.2,-14.8,88,11,12.9,101.13,Cloudy
12/29/2012 10:00,-12,-13.3,90,7,6.4,101.15,Fog
"12/29/2012 11:00,-10.9,-12.2,90,7,6.4,101.09,""Snow Showers,Fog"""
"12/29/2012 12:00,-10.5,-11.6,92,11,8,100.93,""Snow Showers,Fog"""
"12/29/2012 13:00,-10,-11.1,92,22,9.7,100.63,""Snow Showers,Fog"""
"12/29/2012 14:00,-9.3,-10.5,91,22,4.8,100.6,""Snow,Fog"""
"12/29/2012 15:00,-8.8,-10,91,20,1.2,100.55,""Snow,Fog"""
"12/29/2012 16:00,-8.5,-9.9,90,24,1.2,100.49,""Snow,Fog"""
"12/29/2012 17:00,-9,-10.4,90,19,2.4,100.46,""Snow,Fog"""
"12/29/2012 18:00,-9.3,-10.9,88,26,6.4,100.38,""Snow,Fog"""
"12/29/2012 19:00,-9.5,-11.2,87,26,3.2,100.33,""Snow,Fog"""
"12/29/2012 20:00,-9.7,-11.6,86,24,9.7,100.25,""Snow,Fog"""
"12/29/2012 21:00,-9.8,-11.8,85,24,8,100.24,""Snow,Fog"""
"12/29/2012 22:00,-10.1,-11.6,89,15,2.4,100.2,""Snow,Fog"""
"12/29/2012 23:00,-10,-12,85,20,6.4,100.19,""Snow,Fog"""
"12/30/2012 0:00,-9.6,-11.3,87,13,3.2,100.23,""Snow,Fog"""
"12/30/2012 1:00,-9.4,-10.5,92,9,2.4,100.22,""Snow,Fog"""
"12/30/2012 2:00,-9.3,-10.4,92,9,4,100.28,""Snow,Fog"""
"12/30/2012 3:00,-9.1,-10.4,90,11,3.6,100.3,""Snow,Fog"""
"12/30/2012 4:00,-9.3,-10.6,90,13,9.7,100.28,""Snow,Fog"""
"12/30/2012 5:00,-9.1,-10.4,90,11,4,100.32,""Snow,Fog"""
"12/30/2012 6:00,-9.3,-10.8,89,17,8,100.39,""Snow,Fog"""
12/30/2012 7:00,-9.9,-13.2,77,19,25,100.48,Mostly Cloudy
12/30/2012 8:00,-11.3,-14.5,77,20,24.1,100.57,Cloudy
12/30/2012 9:00,-11.7,-15,76,19,24.1,100.69,Cloudy
12/30/2012 10:00,-12.4,-16,74,24,24.1,100.82,Cloudy
12/30/2012 11:00,-11.9,-15.4,75,32,24.1,100.89,Cloudy
12/30/2012 12:00,-12.2,-15.7,75,26,48.3,100.91,Mostly Cloudy
12/30/2012 13:00,-12.4,-16.2,73,37,48.3,100.92,Mostly Cloudy
12/30/2012 14:00,-11.8,-16.1,70,37,48.3,100.96,Mainly Clear
12/30/2012 15:00,-11.3,-15.6,70,32,48.3,101.05,Mainly Clear
12/30/2012 16:00,-11.4,-15.5,72,26,48.3,101.15,Mainly Clear
12/30/2012 17:00,-12.1,-15.8,74,28,25,101.26,Mainly Clear
12/30/2012 18:00,-12.6,-16,76,24,25,101.36,Mainly Clear
12/30/2012 19:00,-13.4,-16.5,77,26,25,101.47,Mainly Clear
12/30/2012 20:00,-13.8,-16.5,80,24,25,101.52,Clear
12/30/2012 21:00,-13.8,-16.5,80,20,25,101.5,Mainly Clear
12/30/2012 22:00,-13.7,-16.3,81,19,25,101.54,Mainly Clear
12/30/2012 23:00,-12.1,-15.1,78,28,25,101.52,Mostly Cloudy
12/31/2012 0:00,-11.1,-14.4,77,26,25,101.51,Cloudy
12/31/2012 1:00,-10.7,-14,77,15,25,101.5,Cloudy
12/31/2012 2:00,-10.1,-13.4,77,9,25,101.45,Cloudy
12/31/2012 3:00,-11.8,-14.4,81,6,25,101.42,Mostly Cloudy
12/31/2012 4:00,-10.5,-12.8,83,11,25,101.34,Cloudy
12/31/2012 5:00,-10.2,-12.4,84,6,25,101.28,Cloudy
12/31/2012 6:00,-9.7,-11.7,85,4,25,101.23,Cloudy
12/31/2012 7:00,-9.3,-11.3,85,0,19.3,101.19,Snow Showers
12/31/2012 8:00,-8.6,-10.3,87,4,3.2,101.14,Snow Showers
12/31/2012 9:00,-8.1,-9.6,89,4,2.4,101.09,Snow
"12/31/2012 10:00,-7.4,-8.9,89,4,6.4,101.05,""Snow,Fog"""
12/31/2012 11:00,-6.7,-7.9,91,9,9.7,100.93,Snow
12/31/2012 12:00,-5.8,-7.5,88,4,12.9,100.78,Snow
12/31/2012 13:00,-4.6,-6.6,86,4,12.9,100.63,Snow
12/31/2012 14:00,-3.4,-5.7,84,6,11.3,100.57,Snow
12/31/2012 15:00,-2.3,-4.6,84,9,9.7,100.47,Snow
12/31/2012 16:00,-1.4,-4,82,13,12.9,100.4,Snow
12/31/2012 17:00,-1.1,-3.3,85,19,9.7,100.3,Snow
12/31/2012 18:00,-1.3,-3.1,88,17,9.7,100.19,Snow
12/31/2012 19:00,0.1,-2.7,81,30,9.7,100.13,Snow
12/31/2012 20:00,0.2,-2.4,83,24,9.7,100.03,Snow
12/31/2012 21:00,-0.5,-1.5,93,28,4.8,99.95,Snow
12/31/2012 22:00,-0.2,-1.8,89,28,9.7,99.91,Snow
12/31/2012 23:00,0,-2.1,86,30,11.3,99.89,Snow
